{
  "random": {
    "top1": 0.2727272727272727,
    "top3": 0.6363636363636364,
    "top5": 0.7272727272727273,
    "top10": 0.9090909090909091,
    "mrr": 0.483041958041958
  },
  "tfidf": {
    "top1": 0.3181818181818182,
    "top3": 0.8181818181818182,
    "top5": 0.8636363636363636,
    "top10": 0.9545454545454546,
    "mrr": 0.5428227075954349
  },
  "bm25": {
    "top1": 0.36363636363636365,
    "top3": 0.8181818181818182,
    "top5": 0.8636363636363636,
    "top10": 0.9545454545454546,
    "mrr": 0.5822510822510822
  },
  "ours": {
    "top1": 0.36363636363636365,
    "top3": 0.5454545454545454,
    "top5": 0.6363636363636364,
    "top10": 0.9545454545454546,
    "mrr": 0.5224403122130394
  }
}