{
  "results": {
    "0.0": {
      "top1": 0.36363636363636365,
      "top3": 0.8181818181818182,
      "top5": 0.8636363636363636,
      "top10": 0.9545454545454546,
      "mrr": 0.5822510822510822
    },
    "0.1": {
      "top1": 0.4090909090909091,
      "top3": 0.7727272727272727,
      "top5": 0.8181818181818182,
      "top10": 1.0,
      "mrr": 0.5986652236652237
    },
    "0.2": {
      "top1": 0.4090909090909091,
      "top3": 0.7272727272727273,
      "top5": 0.8181818181818182,
      "top10": 1.0,
      "mrr": 0.5883838383838383
    },
    "0.3": {
      "top1": 0.4090909090909091,
      "top3": 0.7272727272727273,
      "top5": 0.8636363636363636,
      "top10": 1.0,
      "mrr": 0.5876262626262626
    },
    "0.4": {
      "top1": 0.4090909090909091,
      "top3": 0.7727272727272727,
      "top5": 0.8636363636363636,
      "top10": 1.0,
      "mrr": 0.6065656565656566
    },
    "0.5": {
      "top1": 0.36363636363636365,
      "top3": 0.7727272727272727,
      "top5": 0.8636363636363636,
      "top10": 1.0,
      "mrr": 0.5838383838383838
    },
    "0.6": {
      "top1": 0.3181818181818182,
      "top3": 0.7272727272727273,
      "top5": 0.8636363636363636,
      "top10": 1.0,
      "mrr": 0.5421717171717172
    },
    "0.7": {
      "top1": 0.3181818181818182,
      "top3": 0.7272727272727273,
      "top5": 0.8636363636363636,
      "top10": 1.0,
      "mrr": 0.5421717171717172
    },
    "0.8": {
      "top1": 0.36363636363636365,
      "top3": 0.7272727272727273,
      "top5": 0.8636363636363636,
      "top10": 1.0,
      "mrr": 0.5648989898989899
    },
    "0.9": {
      "top1": 0.36363636363636365,
      "top3": 0.7272727272727273,
      "top5": 0.8636363636363636,
      "top10": 1.0,
      "mrr": 0.5648989898989899
    },
    "1.0": {
      "top1": 0.36363636363636365,
      "top3": 0.5,
      "top5": 0.7727272727272727,
      "top10": 0.9545454545454546,
      "mrr": 0.5137281910009183
    }
  },
  "best_alpha": 0.4,
  "best": {
    "top1": 0.4090909090909091,
    "top3": 0.7727272727272727,
    "top5": 0.8636363636363636,
    "top10": 1.0,
    "mrr": 0.6065656565656566
  }
}