{"ansible__ansible__4": {"0": -2.5328609943389893, "1": -1.9519007205963135}, "psf__black__3": {"42": -1.8361420631408691, "43": -2.1597812175750732, "44": -2.1597812175750732, "45": -1.850110411643982}, "psf__black__19": {"42": -1.6705322265625, "43": -2.024240255355835, "44": -2.024240255355835, "45": -1.6799335479736328}, "httpie__httpie__1": {"5": -1.6385297775268555, "6": -1.638529658317566, "7": -1.6385297775268555}, "spotify__luigi__9": {"55": -2.653475761413574, "56": -2.4414682388305664, "57": -2.4414682388305664, "58": -1.9196590185165405, "59": -1.9196590185165405, "60": -1.9196590185165405, "61": -1.9196590185165405, "62": -1.91965913772583, "63": -1.91965913772583, "64": -1.91965913772583, "65": -1.4933342933654785}, "spotify__luigi__33": {"55": -2.689443588256836, "56": -2.477741241455078, "57": -2.477741241455078, "58": -1.9747581481933594, "59": -1.9747581481933594, "60": -1.974758267402649, "61": -1.9747581481933594, "62": -1.9747581481933594, "63": -1.9747581481933594, "64": -1.9747581481933594, "65": -1.5358264446258545}, "matplotlib__matplotlib__5": {"9": -1.9497960805892944, "10": -1.9497960805892944, "11": -2.1891965866088867, "12": -2.1891965866088867, "13": -2.1891965866088867, "14": -2.1891965866088867, "15": -2.1891965866088867, "16": -2.1891965866088867}, "matplotlib__matplotlib__7": {"9": -1.9178850650787354, "10": -1.9178850650787354, "11": -2.145376682281494, "12": -2.145376682281494, "13": -2.145376443862915, "14": -2.145376443862915, "15": -2.145376443862915, "16": -2.145376682281494}, "pandas-dev__pandas__120": {"27": -2.7274012565612793, "28": -2.6439614295959473, "29": -2.7933268547058105, "30": -2.8943588733673096, "31": -2.6684486865997314, "32": -2.6684486865997314, "33": -2.6604223251342773, "34": -2.6604223251342773, "35": -2.6604223251342773, "36": -2.6439614295959473, "37": -2.656672477722168, "38": -2.656672477722168, "39": -2.656672477722168, "40": -2.4167113304138184, "41": -2.2421317100524902}, "pandas-dev__pandas__121": {"27": -2.7851672172546387, "28": -2.676821708679199, "29": -2.827843189239502, "30": -2.930663824081421, "31": -2.702075481414795, "32": -2.702075481414795, "33": -2.6941773891448975, "34": -2.6941773891448975, "35": -2.6941773891448975, "36": -2.676821708679199, "37": -2.691267490386963, "38": -2.691267490386963, "39": -2.691267490386963, "40": -2.4470930099487305, "41": -2.2707204818725586}, "cool-RR__PySnooper__1": {"2": -2.2465710639953613, "3": -2.2465710639953613, "4": -2.2465710639953613}, "sanic-org__sanic__1": {"46": -2.4876184463500977, "47": -2.4876184463500977, "48": -2.4876184463500977}, "scrapy__scrapy__18": {"49": -2.0810720920562744, "50": -1.8735225200653076, "51": -1.8677395582199097, "52": -2.155228853225708, "53": -2.084857702255249, "54": -2.0900282859802246}, "scrapy__scrapy__20": {"49": -2.0146589279174805, "50": -1.8823189735412598, "51": -1.8752524852752686, "52": -2.0789661407470703, "53": -2.018265724182129, "54": -2.0232465267181396}, "nvbn__thefuck__1": {"17": -1.9421782493591309, "18": -1.9421783685684204, "19": -1.9421782493591309, "20": -1.9421782493591309, "21": -1.9421782493591309, "22": -1.7758039236068726, "23": -1.7758039236068726, "24": -1.775803804397583, "25": -2.388542413711548, "26": -2.388542413711548}, "nvbn__thefuck__2": {"17": -1.955533742904663, "18": -1.955533742904663, "19": -1.955533742904663, "20": -1.955533742904663, "21": -1.955533742904663, "22": -1.7882657051086426, "23": -1.788265585899353, "24": -1.788265585899353, "25": -2.4089863300323486, "26": -2.4089863300323486}, "tornadoweb__tornado__4": {"67": -1.957343339920044, "68": -1.957343339920044, "69": -1.9573434591293335, "70": -1.957343339920044, "71": -2.4745402336120605, "72": -2.4457404613494873, "73": -1.957343339920044, "74": -1.957343339920044}, "tornadoweb__tornado__10": {"67": -1.9409860372543335, "68": -1.9409860372543335, "69": -1.940985918045044, "70": -1.940986156463623, "71": -2.4493484497070312, "72": -2.4237282276153564, "73": -1.940986156463623, "74": -1.940986156463623}, "tqdm__tqdm__7": {"75": -2.4058642387390137, "76": -2.4058642387390137}, "ytdl-org__youtube-dl__15": {"77": -2.2281382083892822, "78": -2.816934108734131, "79": -2.816934108734131, "80": -2.816934108734131, "81": -2.816934108734131, "82": -2.816934108734131, "83": -2.256054401397705, "84": -2.2281382083892822}, "ytdl-org__youtube-dl__17": {"77": -2.226065158843994, "78": -2.8260154724121094, "79": -2.8260154724121094, "80": -2.8260154724121094, "81": -2.8260154724121094, "82": -2.8260154724121094, "83": -2.263484001159668, "84": -2.226065158843994}, "ytdl-org__youtube-dl__36": {"77": -2.2125425338745117, "78": -2.817502498626709, "79": -2.817502498626709, "80": -2.817502975463867, "81": -2.817502498626709, "82": -2.817502498626709, "83": -2.256441354751587, "84": -2.2125425338745117}}